{"cameraMode":{"drawMode":0,"name":"Shaded","section":"Shading Mode"},"sceneLighting":true,"audioPlay":false,"sceneViewState":{"m_AlwaysRefresh":false,"showFog":true,"showSkybox":true,"showFlares":true,"showImageEffects":true,"showParticleSystems":true,"showVisualEffectGraphs":true,"m_FxEnabled":true},"in2DMode":false,"pivot":{"x":-31.829116821289064,"y":2.845226287841797,"z":15.315216064453125},"rotation":{"x":0.33886072039604189,"y":0.06259343773126602,"z":-0.02261366695165634,"w":0.9385017156600952},"size":49.02861404418945,"orthographic":false}