{"cameraMode":{"drawMode":0,"name":"Shaded","section":"Shading Mode"},"sceneLighting":false,"audioPlay":false,"sceneViewState":{"m_AlwaysRefresh":false,"showFog":true,"showSkybox":false,"showFlares":true,"showImageEffects":true,"showParticleSystems":true,"showVisualEffectGraphs":true,"m_FxEnabled":true},"in2DMode":false,"pivot":{"x":-0.0032347440719604494,"y":2.4448792934417726,"z":0.18622946739196778},"rotation":{"x":-0.3360734283924103,"y":-0.46504107117652895,"z":0.19655334949493409,"w":-0.7951070666313171},"size":7.024604797363281,"orthographic":false}